index,target_type,target_num,target_front,target_center,target_back,arg_effect1,arg1,arg_target1,arg_effect2,arg2,arg_target2,use_condition,use_condition_value,value_modifier,modifier_status,modifier_value,modifier_condition_value,special_logic,effect,soundIndexes,soundDelays
101,1,1,1,1,0,Damage,6,SkillTarget,None,0,None,None,0,AddTargetStatusValue,Scar,0,0,None,None,10_101_effect,801,0.5
102,1,3,1,1,1,Attack,-1,SkillTarget,None,0,None,None,0,None,None,0,0,None,None,,803,0.6
111,1,1,1,1,0,Damage,9,SkillTarget,Scar,3,SkillTarget,None,0,None,None,0,0,None,None,11_111_effect,802,0.77
112,1,3,1,1,1,Attack,-2,SkillTarget,Stun,2,SkillTarget,None,0,None,None,0,0,None,None,,803,0.6
113,1,1,1,0,0,Damage,10,SkillTarget,Stun,4,SkillTarget,SelfHpBelow,50,None,None,0,0,None,None,11_113_effect,802,0.92
201,1,1,1,1,1,Damage,6,SkillTarget,Stun,2,SkillTarget,None,0,None,None,0,0,None,None,20_201_effect,807,1.74
202,1,3,1,1,1,Damage,3,SkillTarget,Attack,-1,SkillTarget,None,0,None,None,0,0,None,None,20_202_effect,809,2.1
211,1,1,1,1,1,Damage,5,SkillTarget,Heal,4,LowestHpAlly,None,0,None,None,0,0,None,None,21_211_effect,812,1.36
212,2,3,1,1,1,Heal,2,Allies,Defense,2,Allies,None,0,None,None,0,0,None,None,Ivais_attack2_effect,813,0.8
221,1,1,1,1,1,Damage,5,SkillTarget,Potential,-2,SkillTarget,None,0,None,None,0,0,None,None,22_221_effect,810,0.22
222,1,3,1,1,1,Damage,3,SkillTarget,Stun,3,SkillTarget,None,0,None,None,0,0,None,None,22_222_effect,811,0.3
231,1,1,1,1,0,Damage,9,SkillTarget,Defense,-2,SkillTarget,None,0,None,None,0,0,None,None,23_231_effect,"808,809","0.29,2.11"
232,2,3,1,1,1,Defense,2,Allies,None,0,None,None,0,None,None,0,0,None,None,,808,0.2
233,1,3,1,1,1,Damage,6,SkillTarget,Potential,-2,SkillTarget,None,0,None,None,0,0,None,None,23_233_effect,820,0
241,1,1,1,1,0,Damage,8,SkillTarget,Defense,-1,SkillTarget,None,0,None,None,0,0,None,None,24_241_effect,815,0.97
242,1,2,1,1,1,Damage,7,SkillTarget,Attack,2,Self,None,0,None,None,0,0,None,None,24_242_effect,808,0
243,0,1,0,0,0,Reflect,2,Self,Resist,1,Self,None,0,None,None,0,0,None,None,Parmano_attack3_effect,814,0.11
251,1,3,1,1,1,Damage,7,SkillTarget,Scar,2,SkillTarget,None,0,None,None,0,0,None,None,25_251_effect,812,0
252,0,1,0,0,0,Heal,5,Self,Defense,3,Self,None,0,None,None,0,0,None,None,,813,0.2
253,1,2,0,1,1,Damage,8,SkillTarget,Stun,3,SkillTarget,None,0,None,None,0,0,None,None,25_253_effect,822,0.59
254,1,3,1,1,1,Damage,8,SkillTarget,Burn,2,SkillTarget,None,0,None,None,0,0,None,None,Izcal_attack4_effect,821,1.86
255,2,3,1,1,1,Attack,3,SkillTarget,None,0,None,None,0,None,None,0,0,None,None,,824,0.2
301,2,3,1,1,1,Heal,3,Allies,Defense,1,Allies,None,0,None,None,0,0,None,None,,813,0.6
302,1,1,1,1,0,Damage,8,SkillTarget,Scar,2,SkillTarget,None,0,None,None,0,0,None,None,Teddyheart_attack2_effect,809,1.27
311,2,3,1,1,1,Heal,2,Allies,Penance,1,Allies,None,0,None,None,0,0,None,None,31_311_effect,813,1.88
312,1,1,1,1,1,Damage,6,SkillTarget,Scar,2,SkillTarget,None,0,None,None,0,0,None,None,,820,0.36
321,1,1,1,1,1,Damage,5,SkillTarget,Stun,3,SkillTarget,None,0,None,None,0,0,None,None,Fixie_attack1_effect,809,0.8
322,2,3,1,1,1,Attack,1,Allies,Potential,1,Allies,None,0,None,None,0,0,PotentialIfBoss,PotentialIfBoss,,824,0.5
331,0,1,0,0,0,Heal,3,Self,Penance,1,Self,None,0,None,None,0,0,None,None,Elua_attack1_effect,813,0.2
332,0,1,0,0,0,Defense,1,Self,None,0,None,None,0,None,None,0,0,None,None,Elua_attack2_effect,824,0.2
333,1,1,1,1,1,Damage,5,SkillTarget,Stun,1,SkillTarget,None,0,None,None,0,0,None,None,"Elua_attack3_effect, Elua_attack3_spear",825,0.3
341,1,1,1,1,1,Damage,10,SkillTarget,Scar,2,SkillTarget,None,0,None,None,0,0,None,None,Grolly_attack1_effect,809,2.1
342,1,1,1,1,0,Damage,7,SkillTarget,Heal,4,Self,None,0,None,None,0,0,None,None,,827,0.45
343,2,3,1,1,1,Attack,1,Allies,Defense,1,Allies,None,0,None,None,0,0,None,None,,824,1.1
351,1,3,1,1,1,Damage,8,SkillTarget,Burn,2,SkillTarget,None,0,None,None,0,0,None,None,Luciel_attack1_effect,825,0.85
352,2,3,1,1,1,Heal,5,Allies,Penance,1,Allies,None,0,None,None,0,0,None,None,Luciel_attack2_effect,813,0.2
353,2,3,1,1,1,Defense,2,Allies,Resist,1,Allies,None,0,None,None,0,0,None,None,Luciel_attack3_effect,814,1.1
354,1,3,1,1,1,Attack,-1,SkillTarget,Stun,3,SkillTarget,None,0,None,None,0,0,None,None,,809,1.32
355,1,3,1,1,1,Damage,10,SkillTarget,Stun,5,SkillTarget,None,0,None,None,0,0,None,None,Luciel_attack5_effect,825,1.34
411,2,3,1,1,1,Defense,1,Allies,None,0,None,None,0,None,None,0,0,None,None,,,
412,1,2,1,1,1,Damage,5,SkillTarget,Scar,1,SkillTarget,None,0,None,None,0,0,None,None,SoldierSpirit_attack2_effect,,
421,1,1,1,1,1,Damage,8,SkillTarget,Mark,1,SkillTarget,None,0,None,None,0,0,CommanderMarkedStrike,CommanderMarkedStrike,,,
422,2,3,1,1,1,Formation,2,SkillTarget,Attack,1,SkillTarget,None,0,None,None,0,0,CommanderReorganize,CommanderReorganize,,,
423,1,3,1,1,1,Damage,6,SkillTarget,Mark,3,SkillTarget,None,0,None,None,0,0,CommanderCharge,CommanderCharge,,,
431,1,1,1,1,1,Damage,7,SkillTarget,Attack,-1,SkillTarget,None,0,None,None,0,0,None,None,,,
432,0,1,0,0,0,Defense,2,Self,Hap,1,Self,None,0,None,None,0,0,None,None,,,
433,1,1,1,1,1,Damage,10,SkillTarget,None,0,None,None,0,AddSelfStatusValueMultiply,Hap,4,0,ConsumeHap,ConsumeHap,Koreanwarrior_attack3_effect,,
434,0,1,0,0,0,Defense,3,Self,Hap,1,Self,None,0,None,None,0,0,ForceNextIlsum,ForceNextIlsum,,,
441,0,1,0,0,0,Defense,2,Self,Attack,1,Self,None,0,None,None,0,0,None,None,,,
442,1,3,1,1,1,Damage,6,SkillTarget,Scar,2,SkillTarget,None,0,None,None,0,0,SamuraiSweep,SamuraiSweep,,,
443,1,3,1,1,1,Damage,8,SkillTarget,Stun,2,SkillTarget,None,0,AddValueIfSelfHpBelow,None,3,50,None,None,,,
451,1,1,1,1,1,Damage,12,SkillTarget,Scar,3,SkillTarget,None,0,None,None,0,0,None,None,,,
452,1,2,1,1,1,Damage,8,SkillTarget,Defense,-2,SkillTarget,None,0,None,None,0,0,None,None,,,
453,1,3,1,1,1,Damage,6,SkillTarget,Stun,2,SkillTarget,None,0,None,None,0,0,None,None,,,
454,1,1,1,1,1,Damage,10,SkillTarget,Attack,-2,SkillTarget,None,0,None,None,0,0,None,None,,,
455,1,3,1,1,1,Damage,10,SkillTarget,Attack,3,Self,None,0,None,None,0,0,None,None,,,
461,1,1,1,1,1,Damage,6,SkillTarget,Defense,-1,SkillTarget,None,0,None,None,0,0,None,None,,,
462,1,1,1,1,1,Mark,1,SkillTarget,AssaultReady,1,Self,None,0,None,None,0,0,AssaultReady,AssaultReady,,,
471,0,1,0,0,0,Defense,2,Self,None,0,None,None,0,None,None,0,0,None,None,,,
472,0,1,0,0,0,ShieldTactic,1,Self,Defense,1,Self,None,0,None,None,0,0,ShieldTactic,ShieldTactic,ShieldSpirit_attack2_effect,,
481,1,1,1,1,1,Damage,4,SkillTarget,Combo,1,Self,None,0,None,None,0,0,None,None,,,
482,1,1,1,1,1,Damage,2,SkillTarget,Combo,1,Self,None,0,None,None,0,0,ComboStrike,ComboStrike,,,
491,1,1,1,1,1,Damage,5,SkillTarget,Attack,-1,SkillTarget,None,0,None,None,0,0,None,None,,,
492,1,3,1,1,1,Damage,2,SkillTarget,TargetMark,1,SkillTarget,None,0,None,None,0,0,ApplyTargetMarkWithoutTrigger,ApplyTargetMarkWithoutTrigger,"ArcherSpirit_attack2_effect1, ArcherSpirit_attack2_effect2",,
501,1,1,1,1,1,Damage,10,SkillTarget,Attack,-1,SkillTarget,None,0,None,None,0,0,None,None,,,
502,1,2,1,1,1,Damage,8,SkillTarget,Defense,1,Self,None,0,None,None,0,0,None,None,,,
503,1,3,1,1,1,Damage,6,SkillTarget,Stun,3,SkillTarget,None,0,None,None,0,0,None,None,,,
511,1,3,1,1,1,Damage,9,SkillTarget,Attack,-1,SkillTarget,None,0,None,None,0,0,None,None,,,
512,1,1,1,1,1,Damage,14,SkillTarget,Defense,-2,SkillTarget,None,0,None,None,0,0,None,None,,,
513,1,2,1,1,1,Damage,10,SkillTarget,Stun,3,SkillTarget,None,0,None,None,0,0,None,None,,,
514,0,1,0,0,0,Defense,2,Self,Attack,1,Self,None,0,None,None,0,0,None,None,,,
515,1,3,1,1,1,Damage,14,SkillTarget,Stun,3,SkillTarget,None,0,None,None,0,0,None,None,,,
